{
  "project_info": {
    "project_number": "936218097780",
    "project_id": "scancart-f5892",
    "storage_bucket": "scancart-f5892.appspot.com"
  },
  "client": [
    {
      "client_info": {
        "mobilesdk_app_id": "1:936218097780:android:038d482f98a55c01f9b921",
        "android_client_info": {
          "package_name": "com.android.application"
        }
      },
      "oauth_client": [
        {
          "client_id": "936218097780-oku54kom9oop4qtcmo1r4e5dg3plfbq4.apps.googleusercontent.com",
          "client_type": 3
        }
      ],
      "api_key": [
        {
          "current_key": "AIzaSyAa3pJYZlGbqdUWHMk6Ii6cGuCTk0MBgjU"
        }
      ],
      "services": {
        "appinvite_service": {
          "other_platform_oauth_client": [
            {
              "client_id": "936218097780-oku54kom9oop4qtcmo1r4e5dg3plfbq4.apps.googleusercontent.com",
              "client_type": 3
            }
          ]
        }
      }
    },
    {
      "client_info": {
        "mobilesdk_app_id": "1:936218097780:android:413df4f975390edcf9b921",
        "android_client_info": {
          "package_name": "com.example.a1d_shoppingcart_ryan"
        }
      },
      "oauth_client": [
        {
          "client_id": "936218097780-oku54kom9oop4qtcmo1r4e5dg3plfbq4.apps.googleusercontent.com",
          "client_type": 3
        }
      ],
      "api_key": [
        {
          "current_key": "AIzaSyAa3pJYZlGbqdUWHMk6Ii6cGuCTk0MBgjU"
        }
      ],
      "services": {
        "appinvite_service": {
          "other_platform_oauth_client": [
            {
              "client_id": "936218097780-oku54kom9oop4qtcmo1r4e5dg3plfbq4.apps.googleusercontent.com",
              "client_type": 3
            }
          ]
        }
      }
    },
    {
      "client_info": {
        "mobilesdk_app_id": "1:936218097780:android:0a0309f750146803f9b921",
        "android_client_info": {
          "package_name": "com.example.a1dorderstatus"
        }
      },
      "oauth_client": [
        {
          "client_id": "936218097780-oku54kom9oop4qtcmo1r4e5dg3plfbq4.apps.googleusercontent.com",
          "client_type": 3
        }
      ],
      "api_key": [
        {
          "current_key": "AIzaSyAa3pJYZlGbqdUWHMk6Ii6cGuCTk0MBgjU"
        }
      ],
      "services": {
        "appinvite_service": {
          "other_platform_oauth_client": [
            {
              "client_id": "936218097780-oku54kom9oop4qtcmo1r4e5dg3plfbq4.apps.googleusercontent.com",
              "client_type": 3
            }
          ]
        }
      }
    },
    {
      "client_info": {
        "mobilesdk_app_id": "1:936218097780:android:903c6596e8d9b983f9b921",
        "android_client_info": {
          "package_name": "com.example.charles_nfc"
        }
      },
      "oauth_client": [
        {
          "client_id": "936218097780-oku54kom9oop4qtcmo1r4e5dg3plfbq4.apps.googleusercontent.com",
          "client_type": 3
        }
      ],
      "api_key": [
        {
          "current_key": "AIzaSyAa3pJYZlGbqdUWHMk6Ii6cGuCTk0MBgjU"
        }
      ],
      "services": {
        "appinvite_service": {
          "other_platform_oauth_client": [
            {
              "client_id": "936218097780-oku54kom9oop4qtcmo1r4e5dg3plfbq4.apps.googleusercontent.com",
              "client_type": 3
            }
          ]
        }
      }
    },
    {
      "client_info": {
        "mobilesdk_app_id": "1:936218097780:android:ff9282be76e77865f9b921",
        "android_client_info": {
          "package_name": "com.example.login"
        }
      },
      "oauth_client": [
        {
          "client_id": "936218097780-1ha3jk0rkbhdq1f0emujbsrfn66bttj6.apps.googleusercontent.com",
          "client_type": 1,
          "android_info": {
            "package_name": "com.example.login",
            "certificate_hash": "20e65e8007ff049f028282e20196bfcae2f6baeb"
          }
        },
        {
          "client_id": "936218097780-oku54kom9oop4qtcmo1r4e5dg3plfbq4.apps.googleusercontent.com",
          "client_type": 3
        }
      ],
      "api_key": [
        {
          "current_key": "AIzaSyAa3pJYZlGbqdUWHMk6Ii6cGuCTk0MBgjU"
        }
      ],
      "services": {
        "appinvite_service": {
          "other_platform_oauth_client": [
            {
              "client_id": "936218097780-oku54kom9oop4qtcmo1r4e5dg3plfbq4.apps.googleusercontent.com",
              "client_type": 3
            }
          ]
        }
      }
    },
    {
      "client_info": {
        "mobilesdk_app_id": "1:936218097780:android:ca34355a86843156f9b921",
        "android_client_info": {
          "package_name": "com.example.myshoppinglist"
        }
      },
      "oauth_client": [
        {
          "client_id": "936218097780-oku54kom9oop4qtcmo1r4e5dg3plfbq4.apps.googleusercontent.com",
          "client_type": 3
        }
      ],
      "api_key": [
        {
          "current_key": "AIzaSyAa3pJYZlGbqdUWHMk6Ii6cGuCTk0MBgjU"
        }
      ],
      "services": {
        "appinvite_service": {
          "other_platform_oauth_client": [
            {
              "client_id": "936218097780-oku54kom9oop4qtcmo1r4e5dg3plfbq4.apps.googleusercontent.com",
              "client_type": 3
            }
          ]
        }
      }
    },
    {
      "client_info": {
        "mobilesdk_app_id": "1:936218097780:android:3993dd1bc134c054f9b921",
        "android_client_info": {
          "package_name": "com.example.yourscancart"
        }
      },
      "oauth_client": [
        {
          "client_id": "936218097780-oku54kom9oop4qtcmo1r4e5dg3plfbq4.apps.googleusercontent.com",
          "client_type": 3
        }
      ],
      "api_key": [
        {
          "current_key": "AIzaSyAa3pJYZlGbqdUWHMk6Ii6cGuCTk0MBgjU"
        }
      ],
      "services": {
        "appinvite_service": {
          "other_platform_oauth_client": [
            {
              "client_id": "936218097780-oku54kom9oop4qtcmo1r4e5dg3plfbq4.apps.googleusercontent.com",
              "client_type": 3
            }
          ]
        }
      }
    }
  ],
  "configuration_version": "1"
}